species	lineage	count
Zea_mays	TAT	2675
Triticum_aestivum	TAT	2164
Cephalotus_follicularis	DEL/TEKAY	1754
Camellia_sinensis_var_sinensis	TAT	1442
Hydrangea_macrophylla	DEL/TEKAY	1173
Zea_mays	DEL/TEKAY	1151
Cephalotus_follicularis	TAT	1103
Zea_mays	SIRE	969
Sorghum_bicolor	TAT	766
Hydrangea_macrophylla	TAT	653
Rosa_lucieae	BIANCA	607
Oryza_meyeriana_var_granulata	TAT	600
Hydrangea_macrophylla	ALE/RETROFIT	523
Glycine_max	REINA	515
Gossypium_hirsutum	DEL/TEKAY	512
Dorcoceras_hygrometricum	DEL/TEKAY	496
Oryza_sativa	TAT	464
Hevea_brasiliensis	DEL/TEKAY	434
Camellia_sinensis_var_sinensis	DEL/TEKAY	429
Triticum_aestivum	DEL/TEKAY	424
Brachypodium_distachyon	TAT	408
Arachis_ipaensis	TAT	390
Zea_mays	REINA	389
Cannabis_Sativa	DEL/TEKAY	389
Nymphaea_colorata	ALE/RETROFIT	370
Aquilaria_sinensis	TAT	358
Triticum_aestivum	ANGELA	330
Solanum_lycopersicum	DEL/TEKAY	326
Brassica_napus	ALE/RETROFIT	321
Olea_europaea	TAT	319
Ipomoea_nil	ALE/RETROFIT	315
Striga_asiatica	TAT	312
Olea_europaea	TORK/TAR	312
Solanum_lycopersicum	ALE/RETROFIT	310
Glycine_max	TAT	309
Camellia_sinensis_var_sinensis	ALE/RETROFIT	308
Beta_vulgaris	TAT	296
Camellia_sinensis_var_sinensis	TORK/TAR	292
Triticum_aestivum	ALE/RETROFIT	287
Pterocarya_stenoptera	ALE/RETROFIT	287
Vitis_vinifera	ALE/RETROFIT	284
Physcomitrella_patens	ATHILA	278
Beta_vulgaris	ALE/RETROFIT	277
Malus_domestica	ALE/RETROFIT	263
Cajanus_cajan	TAT	262
Setaria_italica	TAT	259
Sorghum_bicolor	DEL/TEKAY	254
Gossypium_hirsutum	TAT	250
Medicago_truncatula	TAT	248
Fagopyrum_tataricum	DEL/TEKAY	240
Sorghum_bicolor	REINA	239
Glycine_max	ATHILA	237
Nelumbo_nucifera	TAT	232
Ipomoea_nil	TAT	232
Arachis_ipaensis	ATHILA	227
Lycopersicon_esculentum	DEL/TEKAY	227
Solanum_tuberosum	ALE/RETROFIT	226
Zea_mays	ALE/RETROFIT	225
Hypericum_perforatum	ALE/RETROFIT	225
Gossypium_hirsutum	ALE/RETROFIT	225
Nelumbo_nucifera	ALE/RETROFIT	219
Triticum_aestivum	ATHILA	218
Gossypium_hirsutum	ORYCO/IVANA	217
Glycine_max	TORK/TAR	215
Hydrangea_macrophylla	TORK/TAR	214
Nicotiana_sylvestris	TAT	214
Phaseolus_vulgaris	TAT	210
Capsicum_annuum	DEL/TEKAY	208
Cephalotus_follicularis	SIRE	206
Triticum_aestivum	CRM	203
Striga_asiatica	ALE/RETROFIT	200
Benincasa_hispida	ALE/RETROFIT	198
Gossypium_hirsutum	ATHILA	196
Nicotiana_sylvestris	DEL/TEKAY	195
Fagus_sylvatica	ALE/RETROFIT	193
Hydrangea_macrophylla	ATHILA	188
Casuarina_equisetifolia_subsp_incana	ALE/RETROFIT	187
Eschscholzia_californica_subsp_californica	ALE/RETROFIT	184
Platycodon_grandiflorus	ALE/RETROFIT	183
Arabidopsis_thaliana	TAT	179
Brassica_napus	ORYCO/IVANA	177
Benincasa_hispida	ATHILA	174
Sorghum_bicolor	ORYCO/IVANA	170
Cannabis_Sativa	TAT	169
Gossypium_hirsutum	TORK/TAR	167
Sorghum_bicolor	ALE/RETROFIT	164
Eucalyptus_pauciflora	TORK/TAR	161
Hydrangea_macrophylla	ANGELA	160
Ipomoea_nil	TORK/TAR	160
Dioscorea_zingiberensis	TAT	158
Oryza_sativa	DEL/TEKAY	156
Glycine_max	ORYCO/IVANA	153
Fagus_sylvatica	TAT	153
Oryza_sativa	REINA	152
Glycine_max	CRM	152
Vitis_vinifera	TORK/TAR	151
Humulus_lupulus_var_lupulus	ALE/RETROFIT	150
Triticum_aestivum	SIRE	149
Triticum_aestivum	REINA	149
Chenopodium_pallidicaule	TAT	149
Cannabis_Sativa	TORK/TAR	143
Prunus_persica	TAT	141
Coffea_canephora	TAT	140
Lotus_japonicus	TAT	139
Picea_abies	CRM	138
Cephalotus_follicularis	ALE/RETROFIT	137
Eucalyptus_pauciflora	ALE/RETROFIT	135
Brassica_napus	REINA	133
Brassica_napus	TORK/TAR	132
Ricinus_communis	ALE/RETROFIT	131
Cephalotus_follicularis	ANGELA	131
Phyllostachys_edulis	REINA	130
Cannabis_Sativa	ALE/RETROFIT	129
Solanum_tuberosum	DEL/TEKAY	127
Argania_spinosa	ALE/RETROFIT	127
Brassica_rapa	ALE/RETROFIT	124
Phyllostachys_edulis	TAT	124
Dioscorea_zingiberensis	ALE/RETROFIT	123
Eutrema_salsugineum	TAT	123
Mimulus_guttatus	TAT	123
Glycine_max	SIRE	119
Lycopersicon_esculentum	ALE/RETROFIT	118
Prunus_persica	ALE/RETROFIT	117
Zea_mays	TORK/TAR	116
Rosa_lucieae	TAT	116
Actinidia_deliciosa	ALE/RETROFIT	116
Cephalotus_follicularis	TORK/TAR	115
Brassica_napus	BIANCA	115
Citrus_clementina	TORK/TAR	115
Fraxinus_excelsior	ALE/RETROFIT	114
Fraxinus_sp_1973_6204	ALE/RETROFIT	113
Malus_domestica	ORYCO/IVANA	112
Vitis_labrusca	ALE/RETROFIT	107
Hordeum_vulgare	TAT	106
Hordeum_vulgare	ANGELA	106
Solanum_clarkiae	ALE/RETROFIT	104
Vitis_vinifera	TAT	103
Handroanthus_impetiginosus	TAT	103
Oryza_sativa	ALE/RETROFIT	101
Glycine_max	ALE/RETROFIT	101
Prunus_persica	ORYCO/IVANA	100
Eucalyptus_grandis	ALE/RETROFIT	99
Olea_europaea	CRM	98
Arachis_ipaensis	ALE/RETROFIT	97
Vitis_vinifera	ATHILA	96
Brassica_rapa	ORYCO/IVANA	96
Pterocarya_stenoptera	REINA	96
Lindernia_brevidens	ALE/RETROFIT	95
Zostera_marina	ALE/RETROFIT	94
Fraxinus_excelsior	TORK/TAR	94
Oryza_sativa	TORK/TAR	93
Eucalyptus_grandis	TORK/TAR	92
Hypericum_perforatum	ATHILA	91
Arabidopsis_thaliana	BIANCA	90
Arabidopsis_lyrata_subsp_lyrata	ALE/RETROFIT	90
Striga_asiatica	TORK/TAR	90
Oenanthe_javanica	TAT	89
Citrus_clementina	ATHILA	89
Panicum_virgatum	TAT	89
Arabidopsis_thaliana	ALE/RETROFIT	88
Handroanthus_impetiginosus	ALE/RETROFIT	86
Datisca_glomerata	ALE/RETROFIT	86
Oenanthe_javanica	ORYCO/IVANA	86
Lotus_japonicus	REINA	85
Sorghum_bicolor	ATHILA	84
Brachypodium_distachyon	ORYCO/IVANA	84
Eucalyptus_grandis	SIRE	84
Olea_europaea	ALE/RETROFIT	84
Dioscorea_zingiberensis	TORK/TAR	83
Zea_mays	CRM	82
Begonia_fuchsioides	CRM	82
Gossypium_hirsutum	CRM	82
Malus_domestica	TORK/TAR	81
Ipomoea_nil	SIRE	81
Malus_domestica	TAT	80
Triticum_aestivum	TORK/TAR	80
Cephalotus_follicularis	ATHILA	80
Dioscorea_zingiberensis	REINA	79
Betula_pendula	ALE/RETROFIT	79
Ipomoea_nil	DEL/TEKAY	79
Coffea_canephora	TORK/TAR	79
Coffea_canephora	ATHILA	79
Coffea_canephora	DEL/TEKAY	79
Nicotiana_sylvestris	ATHILA	78
Theobroma_cacao	DEL/TEKAY	77
Macleaya_cordata	BIANCA	77
Citrus_sinensis	TORK/TAR	77
Solanum_lycopersicum	TORK/TAR	76
Sorghum_bicolor	TORK/TAR	76
Brassica_rapa	REINA	76
Setaria_italica	ALE/RETROFIT	76
Nelumbo_nucifera	REINA	75
Punica_granatum	ALE/RETROFIT	75
Eschscholzia_californica_subsp_californica	TORK/TAR	75
Lindernia_brevidens	SIRE	75
Rosa_lucieae	ALE/RETROFIT	75
Persea_americana_var_drymifolia	ALE/RETROFIT	75
Brachypodium_distachyon	ALE/RETROFIT	74
Brassica_rapa	TORK/TAR	74
Nymphaea_colorata	TORK/TAR	74
Solanum_lycopersicum	ATHILA	74
Kalanchoe_fedtschenkoi	ALE/RETROFIT	73
Oenanthe_javanica	ALE/RETROFIT	73
Dorcoceras_hygrometricum	REINA	73
Benincasa_hispida	TORK/TAR	72
Hevea_brasiliensis	ANGELA	72
Eutrema_salsugineum	CRM	72
Coffea_canephora	REINA	72
Aquilaria_sinensis	ALE/RETROFIT	71
Dioscorea_zingiberensis	DEL/TEKAY	71
Citrus_clementina	TAT	71
Elaeis_oleifera	TAT	71
Phyllostachys_edulis	ALE/RETROFIT	71
Fagopyrum_tataricum	ALE/RETROFIT	70
Camellia_sinensis_var_sinensis	SIRE	70
Beta_vulgaris	REINA	70
Lycopersicon_esculentum	TORK/TAR	70
Brachypodium_distachyon	REINA	69
Hordeum_vulgare	DEL/TEKAY	68
Oryza_meyeriana_var_granulata	CRM	68
Dorcoceras_hygrometricum	ANGELA	67
Actinidia_deliciosa	TAT	67
Theobroma_cacao	ORYCO/IVANA	66
Musa_schizocarpa	REINA	66
Sorghum_bicolor	SIRE	65
Aquilaria_sinensis	DEL/TEKAY	65
Dioscorea_zingiberensis	ORYCO/IVANA	65
Medicago_truncatula	ALE/RETROFIT	64
Cicer_arietinum	ALE/RETROFIT	64
Hevea_brasiliensis	ALE/RETROFIT	64
Nicotiana_sylvestris	ALE/RETROFIT	64
Arabidopsis_thaliana	ATHILA	63
Platycodon_grandiflorus	TAT	63
Oryza_meyeriana_var_granulata	ORYCO/IVANA	63
Vitis_labrusca	TORK/TAR	63
Betula_pendula	TORK/TAR	63
Musa_schizocarpa	ANGELA	63
Ipomoea_nil	REINA	63
Oryza_sativa	ORYCO/IVANA	62
Zostera_marina	TAT	62
Dorcoceras_hygrometricum	TORK/TAR	62
Arabidopsis_lyrata_subsp_lyrata	TAT	61
Arabidopsis_lyrata_subsp_lyrata	ORYCO/IVANA	60
Picea_abies	TAT	60
Picea_abies	DEL/TEKAY	60
Triticum_aestivum	ORYCO/IVANA	60
Chenopodium_pallidicaule	ALE/RETROFIT	60
Sorghum_bicolor	CRM	59
Oryza_meyeriana_var_granulata	ALE/RETROFIT	59
Beta_vulgaris	TORK/TAR	59
Nicotiana_sylvestris	SIRE	59
Lotus_japonicus	ALE/RETROFIT	58
Brachypodium_distachyon	DEL/TEKAY	58
Fagopyrum_tataricum	TORK/TAR	58
Benincasa_hispida	ANGELA	58
Hypericum_perforatum	CRM	58
Manihot_esculenta	ALE/RETROFIT	58
Citrus_clementina	ALE/RETROFIT	58
Olea_europaea	ATHILA	58
Theobroma_cacao	SIRE	57
Macleaya_cordata	ALE/RETROFIT	57
Fagopyrum_tataricum	CRM	57
Brassica_napus	TAT	57
Capsicum_annuum	ALE/RETROFIT	57
Olea_europaea	DEL/TEKAY	57
Zea_mays	ORYCO/IVANA	56
Medicago_truncatula	DEL/TEKAY	55
Striga_asiatica	DEL/TEKAY	55
Populus_trychocarpa	ALE/RETROFIT	55
Eutrema_salsugineum	ATHILA	55
Eutrema_salsugineum	TORK/TAR	55
Brachypodium_distachyon	TORK/TAR	54
Camellia_sinensis_var_sinensis	ORYCO/IVANA	54
Striga_asiatica	ATHILA	54
Solanum_lycopersicum	SIRE	54
Tarenaya_hassleriana	TORK/TAR	54
Boehmeria_nivea	ALE/RETROFIT	53
Cannabis_Sativa	ANGELA	53
Eucalyptus_pauciflora	TAT	52
Musa_schizocarpa	SIRE	52
Actinidia_deliciosa	TORK/TAR	52
Carica_papaya	ALE/RETROFIT	51
Morus_notabilis	ALE/RETROFIT	51
Arabidopsis_lyrata_subsp_lyrata	BIANCA	51
Pontederia_paniculata	ALE/RETROFIT	51
Fraxinus_excelsior	TAT	51
Arabidopsis_thaliana	TORK/TAR	50
Vitis_vinifera	ORYCO/IVANA	50
Arachis_ipaensis	SIRE	50
Macleaya_cordata	TORK/TAR	50
Platycodon_grandiflorus	DEL/TEKAY	50
Eucalyptus_pauciflora	SIRE	50
Simmondsia_chinensis	REINA	50
Coffea_canephora	CRM	50
Linum_usitatissimum	ALE/RETROFIT	49
Casuarina_equisetifolia_subsp_incana	REINA	49
Boswellia_sacra	ALE/RETROFIT	49
Zostera_marina	REINA	49
Pterocarya_stenoptera	TORK/TAR	48
Cajanus_cajan	REINA	48
Hordeum_vulgare	ATHILA	47
Platycodon_grandiflorus	TORK/TAR	47
Rosa_lucieae	TORK/TAR	47
Cannabis_Sativa	ATHILA	47
Solanum_tuberosum	ATHILA	46
Ricinus_communis	ORYCO/IVANA	46
Cicer_arietinum	TORK/TAR	46
Boehmeria_nivea	REINA	46
Vitis_labrusca	TAT	46
Olea_europaea	REINA	46
Malus_domestica	BIANCA	45
Arachis_ipaensis	TORK/TAR	45
Setaria_italica	DEL/TEKAY	45
Eucalyptus_pauciflora	DEL/TEKAY	45
Hypericum_perforatum	REINA	45
Hypericum_perforatum	TORK/TAR	45
Macarthuria_australis	ALE/RETROFIT	45
Manihot_esculenta	DEL/TEKAY	45
Phalaenopsis_equestris	TORK/TAR	45
Cajanus_cajan	DEL/TEKAY	45
Lycopersicon_esculentum	SIRE	45
Malus_domestica	REINA	44
Trichopus_zeylanicus_subsp_travancoricus	TORK/TAR	44
Oryza_meyeriana_var_granulata	TORK/TAR	44
Coffea_canephora	SIRE	44
Panicum_virgatum	REINA	44
Cajanus_cajan	CRM	44
Ricinus_communis	ATHILA	43
Amborella_trichopoda	TORK/TAR	43
Rosa_lucieae	REINA	43
Solanum_lycopersicum	ORYCO/IVANA	43
Solanum_melongena	ALE/RETROFIT	43
Cajanus_cajan	ALE/RETROFIT	43
Solanum_tuberosum	ORYCO/IVANA	42
Setaria_italica	REINA	42
Handroanthus_impetiginosus	DEL/TEKAY	42
Musa_acuminata	REINA	42
Lotus_japonicus	SIRE	42
Solanum_lycopersicum	TAT	42
Arabidopsis_thaliana	ORYCO/IVANA	41
Sorghum_bicolor	BIANCA	41
Prunus_persica	TORK/TAR	41
Fragaria_vesca	ALE/RETROFIT	41
Arabis_alpina	ALE/RETROFIT	41
Musa_schizocarpa	TAT	41
Humulus_lupulus_var_lupulus	REINA	41
Chenopodium_pallidicaule	ATHILA	41
Citrus_clementina	SIRE	41
Beta_vulgaris	DEL/TEKAY	41
Solanum_melongena	DEL/TEKAY	41
Hordeum_vulgare	ORYCO/IVANA	40
Ricinus_communis	CRM	40
Xerophyta_viscosa	TAT	40
Casuarina_equisetifolia_subsp_incana	TORK/TAR	40
Oryza_meyeriana_var_granulata	DEL/TEKAY	40
Hydrangea_macrophylla	CRM	40
Kewa_caespitosa	ALE/RETROFIT	40
Brassica_napus	ATHILA	40
Humulus_lupulus_var_lupulus	TAT	40
Citrus_sinensis	ALE/RETROFIT	40
Nicotiana_sylvestris	TORK/TAR	40
Prunus_avium	ALE/RETROFIT	40
Panicum_virgatum	ALE/RETROFIT	40
Lycopersicon_esculentum	TAT	40
Medicago_truncatula	TORK/TAR	39
Glycine_max	DEL/TEKAY	39
Lindernia_brevidens	TORK/TAR	39
Aquilaria_sinensis	ORYCO/IVANA	39
Betula_pendula	TAT	39
Phaseolus_vulgaris	CRM	39
Linum_usitatissimum	ORYCO/IVANA	38
Cephalotus_follicularis	BIANCA	38
Striga_asiatica	REINA	38
Lycopersicon_esculentum	ATHILA	38
Pyrus_x_bretschneideri	ALE/RETROFIT	37
Phalaenopsis_hybrid_cultivar	TORK/TAR	37
Benincasa_hispida	REINA	37
Betula_pendula	REINA	37
Fraxinus_sp_1973_6204	REINA	37
Humulus_lupulus_var_lupulus	TORK/TAR	37
Beta_vulgaris	CRM	37
Lotus_japonicus	TORK/TAR	37
Oryza_sativa	SIRE	36
Populus_trichocarpa	ALE/RETROFIT	36
Solanum_tuberosum	REINA	36
Argania_spinosa	TAT	36
Lindernia_brevidens	ORYCO/IVANA	36
Hydrangea_macrophylla	BIANCA	36
Dorcoceras_hygrometricum	ALE/RETROFIT	36
Eucalyptus_grandis	DEL/TEKAY	36
Solanum_lycopersicum	REINA	36
Medicago_truncatula	ORYCO/IVANA	35
Phalaenopsis_hybrid_cultivar	ALE/RETROFIT	35
Begonia_fuchsioides	TORK/TAR	35
Populus_trychocarpa	ORYCO/IVANA	35
Hevea_brasiliensis	ATHILA	35
Capsicum_annuum	TORK/TAR	35
Vitis_vinifera	REINA	34
Olea_europaea	ORYCO/IVANA	34
Tarenaya_hassleriana	ALE/RETROFIT	34
Lotus_japonicus	ORYCO/IVANA	34
Amborella_trichopoda	TAT	33
Prunus_persica	BIANCA	33
Setaria_italica	ORYCO/IVANA	33
Handroanthus_impetiginosus	TORK/TAR	33
Argania_spinosa	TORK/TAR	33
Musa_schizocarpa	TORK/TAR	33
Corrigiola_litoralis	ALE/RETROFIT	33
Cannabis_Sativa	SIRE	33
Mimulus_guttatus	SIRE	33
Eragrostis_tef	ALE/RETROFIT	33
Fragaria_vesca	TAT	32
Setaria_italica	TORK/TAR	32
Fraxinus_sp_1973_6204	ORYCO/IVANA	32
Gossypium_hirsutum	REINA	32
Eutrema_salsugineum	REINA	32
Phalaenopsis_equestris	ALE/RETROFIT	32
Fraxinus_excelsior	ORYCO/IVANA	32
Cajanus_cajan	ORYCO/IVANA	32
Amborella_trichopoda	ALE/RETROFIT	31
Hordeum_vulgare	TORK/TAR	31
Fagus_sylvatica	TORK/TAR	31
Oryza_meyeriana_var_granulata	REINA	31
Oryza_meyeriana_var_granulata	SIRE	31
Gossypium_hirsutum	BIANCA	31
Musa_acuminata	TORK/TAR	31
Coffea_canephora	ALE/RETROFIT	31
Mimulus_guttatus	TORK/TAR	31
Arachis_ipaensis	BIANCA	31
Eutrema_salsugineum	ORYCO/IVANA	31
Phyllostachys_edulis	ORYCO/IVANA	31
Lotus_japonicus	DEL/TEKAY	31
Populus_trichocarpa	ORYCO/IVANA	30
Malus_domestica	DEL/TEKAY	30
Morus_notabilis	REINA	30
Cicer_arietinum	ORYCO/IVANA	30
Xerophyta_viscosa	ALE/RETROFIT	30
Boehmeria_nivea	TAT	30
Striga_asiatica	ANGELA	30
Hydrangea_macrophylla	ORYCO/IVANA	30
Ipomoea_nil	ATHILA	30
Capsicum_annuum	ATHILA	30
Populus_trychocarpa	REINA	30
Brachypodium_distachyon	CRM	29
Picea_abies	ATHILA	29
Arachis_ipaensis	DEL/TEKAY	29
Handroanthus_impetiginosus	ORYCO/IVANA	29
Boehmeria_nivea	TORK/TAR	29
Oenanthe_javanica	REINA	29
Benincasa_hispida	DEL/TEKAY	29
Primula_veris	ALE/RETROFIT	29
Dorcoceras_hygrometricum	TAT	29
Mimulus_guttatus	ANGELA	29
Sisymbrium_irio	ALE/RETROFIT	29
Elaeis_oleifera	ALE/RETROFIT	29
Phyllostachys_edulis	BIANCA	29
Panicum_virgatum	TORK/TAR	29
Lycopersicon_esculentum	ORYCO/IVANA	29
Solanum_lycopersicum	GALADRIEL	28
Medicago_truncatula	REINA	28
Zea_mays	BIANCA	28
Jatropha_curcas	ALE/RETROFIT	28
Ricinus_communis	TORK/TAR	28
Begonia_fuchsioides	REINA	28
Lindernia_brevidens	DEL/TEKAY	28
Prunus_avium	ORYCO/IVANA	28
Glycine_max	IKEROS	28
Elaeis_oleifera	TORK/TAR	28
Actinidia_deliciosa	DEL/TEKAY	28
Cajanus_cajan	TORK/TAR	28
Vitis_vinifera	BIANCA	27
Brachypodium_distachyon	BIANCA	27
Theobroma_cacao	ALE/RETROFIT	27
Cephalotus_follicularis	ORYCO/IVANA	27
Persea_americana_var_drymifolia	TORK/TAR	27
Vitis_labrusca	ATHILA	27
Hydrangea_macrophylla	REINA	27
Ipomoea_nil	CRM	27
Capsicum_annuum	REINA	27
Carica_papaya	DEL/TEKAY	26
Selaginella_moellendorffii	GALADRIEL	26
Prunus_persica	ATHILA	26
Arabis_alpina	TORK/TAR	26
Xerophyta_viscosa	REINA	26
Argania_spinosa	ATHILA	26
Eucalyptus_pauciflora	BIANCA	26
Phyllostachys_edulis	DEL/TEKAY	26
Mimulus_guttatus	REINA	26
Populus_trichocarpa	REINA	25
Malus_domestica	ATHILA	25
Solanum_tuberosum	SIRE	25
Fragaria_vesca	TORK/TAR	25
Mimulus_guttatus	ALE/RETROFIT	25
Ananas_comosus	DEL/TEKAY	25
Olea_europaea	SIRE	25
Arabidopsis_thaliana	REINA	24
Hordeum_vulgare	ALE/RETROFIT	24
Carica_papaya	ORYCO/IVANA	24
Solanum_tuberosum	TORK/TAR	24
Cicer_arietinum	REINA	24
Platycodon_grandiflorus	CRM	24
Lindernia_brevidens	BIANCA	24
Trichopus_zeylanicus_subsp_travancoricus	GALADRIEL	24
Oenanthe_javanica	BIANCA	24
Aquilaria_sinensis	ANGELA	24
Isoetes_engelmannii	ORYCO/IVANA	24
Boswellia_sacra	TORK/TAR	24
Dioscorea_zingiberensis	ATHILA	24
Rhizophora_apiculata	SIRE	24
Brassica_napus	CRM	24
Beta_vulgaris	ATHILA	24
Solanum_lycopersicum	BIANCA	23
Picea_abies	ORYCO/IVANA	23
Arabidopsis_thaliana	CRM	23
Xerophyta_viscosa	CRM	23
Handroanthus_impetiginosus	REINA	23
Rosa_lucieae	ORYCO/IVANA	23
Rhizophora_apiculata	GALADRIEL	23
Brassica_napus	DEL/TEKAY	23
Phaseolus_vulgaris	TORK/TAR	23
Citrus_sinensis	TAT	23
Tarenaya_hassleriana	ORYCO/IVANA	23
Musa_acuminata	SIRE	23
Capsicum_annuum	TAT	23
Olea_europaea	ANGELA	23
Nelumbo_nucifera	TORK/TAR	22
Cicer_arietinum	SIRE	22
Kalanchoe_fedtschenkoi	ORYCO/IVANA	22
Eschscholzia_californica_subsp_californica	BIANCA	22
Fagopyrum_tataricum	ATHILA	22
Platycodon_grandiflorus	ORYCO/IVANA	22
Hypericum_perforatum	DEL/TEKAY	22
Ipomoea_nil	BIANCA	22
Gossypium_hirsutum	GALADRIEL	22
Phaseolus_vulgaris	ORYCO/IVANA	22
Vitis_vinifera	SIRE	21
Arabidopsis_thaliana	DEL/TEKAY	21
Arachis_ipaensis	REINA	21
Theobroma_cacao	TORK/TAR	21
Durio_zibethinus	ALE/RETROFIT	21
Datisca_glomerata	ORYCO/IVANA	21
Argania_spinosa	REINA	21
Aquilaria_sinensis	ATHILA	21
Mimulus_guttatus	DEL/TEKAY	21
Phyllostachys_edulis	SIRE	21
Phaseolus_vulgaris	REINA	21
Vitis_vinifera	GALADRIEL	20
Schrenkiella_parvula	TORK/TAR	20
Picea_abies	TORK/TAR	20
Arabidopsis_lyrata_subsp_lyrata	ATHILA	20
Linum_usitatissimum	TORK/TAR	20
Setaria_italica	ANGELA	20
Begonia_fuchsioides	ORYCO/IVANA	20
Argania_spinosa	ORYCO/IVANA	20
Striga_asiatica	BIANCA	20
Boswellia_sacra	SIRE	20
Kewa_caespitosa	TAT	20
Ipomoea_nil	ORYCO/IVANA	20
Gossypium_hirsutum	ANGELA	20
Elaeis_oleifera	ORYCO/IVANA	20
Beta_vulgaris	ORYCO/IVANA	20
Actinidia_deliciosa	ATHILA	20
Phaseolus_vulgaris	ALE/RETROFIT	20
Lycopersicon_esculentum	BIANCA	20
Zea_mays	ANGELA	19
Hordeum_vulgare	REINA	19
Arabidopsis_lyrata_subsp_lyrata	TORK/TAR	19
Eschscholzia_californica_subsp_californica	ORYCO/IVANA	19
Boehmeria_nivea	DEL/TEKAY	19
Marchantia_polymorpha	TORK/TAR	19
Pterocarya_stenoptera	TAT	19
Begonia_fuchsioides	ALE/RETROFIT	19
Solanum_clarkiae	TORK/TAR	19
Kewa_caespitosa	REINA	19
Microtea_debilis	ALE/RETROFIT	19
Sesamum_indicum	ALE/RETROFIT	19
Eucalyptus_grandis	ORYCO/IVANA	19
Medicago_truncatula	SIRE	19
Cucumis_sativus	REINA	19
Hevea_brasiliensis	TAT	19
Aethionema_arabicum	TORK/TAR	19
Eutrema_salsugineum	ALE/RETROFIT	19
Beta_vulgaris	SIRE	19
Lotus_japonicus	BIANCA	19
Phaseolus_vulgaris	SIRE	19
Brachypodium_distachyon	ANGELA	18
Ricinus_communis	DEL/TEKAY	18
Arabis_alpina	ORYCO/IVANA	18
Durio_zibethinus	GALADRIEL	18
Fagus_sylvatica	REINA	18
Casuarina_equisetifolia_subsp_incana	ORYCO/IVANA	18
Oenanthe_javanica	TORK/TAR	18
Toxicodendron_radicans	ALE/RETROFIT	18
Chenopodium_pallidicaule	TORK/TAR	18
Drosera_capensis	ORYCO/IVANA	18
Actinidia_deliciosa	ORYCO/IVANA	18
Prunus_avium	TORK/TAR	18
Citrullus_lanatus	ALE/RETROFIT	18
Theobroma_cacao	TAT	18
Phyllostachys_edulis	CRM	18
Beta_vulgaris	BIANCA	18
Fraxinus_excelsior	REINA	18
Arabidopsis_lyrata_subsp_lyrata	CRM	17
Gossypium_raimondii	DEL/TEKAY	17
Eucalyptus_camaldulensis	ALE/RETROFIT	17
Setaria_italica	CRM	17
Arabis_alpina	BIANCA	17
Selaginella_tamariscina	ATHILA	17
Persea_americana_var_drymifolia	CRM	17
Toxicodendron_radicans	REINA	17
Aquilaria_sinensis	TORK/TAR	17
Hypericum_perforatum	ORYCO/IVANA	17
Boswellia_sacra	REINA	17
Pharnaceum_exiguum	ALE/RETROFIT	17
Hevea_brasiliensis	REINA	17
Brachypodium_distachyon	SIRE	16
Schrenkiella_parvula	ALE/RETROFIT	16
Fragaria_vesca	ORYCO/IVANA	16
Picea_abies	SIRE	16
Amborella_trichopoda	DEL/TEKAY	16
Gossypium_raimondii	ALE/RETROFIT	16
Nelumbo_nucifera	ORYCO/IVANA	16
Macleaya_cordata	TAT	16
Solanum_clarkiae	DEL/TEKAY	16
Betula_pendula	CRM	16
Nymphaea_colorata	DEL/TEKAY	16
Eutrema_salsugineum	BIANCA	16
Eutrema_salsugineum	SIRE	16
Cannabis_Sativa	REINA	16
Eucalyptus_grandis	TAT	16
Citrus_sinensis	ATHILA	16
Panicum_virgatum	ATHILA	16
Panicum_virgatum	DEL/TEKAY	16
Nicotiana_sylvestris	REINA	16
Capsicum_annuum	CRM	16
Lycopersicon_esculentum	GALADRIEL	16
Oryza_sativa	CRM	15
Selaginella_moellendorffii	ATHILA	15
Fragaria_vesca	BIANCA	15
Pyrus_x_bretschneideri	ORYCO/IVANA	15
Arabidopsis_thaliana	SIRE	15
Arabis_alpina	DEL/TEKAY	15
Macleaya_cordata	DEL/TEKAY	15
Fagopyrum_tataricum	ORYCO/IVANA	15
Argania_spinosa	DEL/TEKAY	15
Fagus_sylvatica	CRM	15
Casuarina_equisetifolia_subsp_incana	SIRE	15
Platycodon_grandiflorus	BIANCA	15
Eucalyptus_pauciflora	ORYCO/IVANA	15
Rhizophora_apiculata	TORK/TAR	15
Betula_pendula	ATHILA	15
Musa_schizocarpa	ALE/RETROFIT	15
Carthamus_tinctorius	ALE/RETROFIT	15
Drosera_capensis	ALE/RETROFIT	15
Actinidia_deliciosa	CRM	15
Hevea_brasiliensis	CRM	15
Citrus_sinensis	REINA	15
Mimulus_guttatus	ATHILA	15
Hevea_brasiliensis	TORK/TAR	15
Citrus_sinensis	SIRE	15
Leavenworthia_alabamica	REINA	15
Eragrostis_tef	REINA	15
Hordeum_vulgare	SIRE	15
Brassica_rapa	BIANCA	14
Schrenkiella_parvula	REINA	14
Morus_notabilis	TORK/TAR	14
Punica_granatum	ANGELA	14
Punica_granatum	TORK/TAR	14
Begonia_fuchsioides	SIRE	14
Begonia_fuchsioides	DEL/TEKAY	14
Datisca_glomerata	TORK/TAR	14
Anthoceros_angustus	TORK/TAR	14
Vitis_labrusca	ORYCO/IVANA	14
Vitis_labrusca	GALADRIEL	14
Benincasa_hispida	ORYCO/IVANA	14
Boswellia_sacra	ORYCO/IVANA	14
Boswellia_sacra	GALADRIEL	14
Dioscorea_zingiberensis	CRM	14
Rhizophora_apiculata	CRM	14
Musa_schizocarpa	GALADRIEL	14
Nymphaea_colorata	REINA	14
Brassica_napus	SIRE	14
Citrus_clementina	REINA	14
Coffea_canephora	BIANCA	14
Mimulus_guttatus	CRM	14
Citrullus_lanatus	REINA	14
Elaeis_oleifera	ANGELA	14
Spirodela_polyrhiza	ORYCO/IVANA	14
Coffea_canephora	ORYCO/IVANA	14
Capsicum_annuum	ORYCO/IVANA	14
Fragaria_vesca	GALADRIEL	13
Fragaria_vesca	REINA	13
Durio_zibethinus	TAT	13
Handroanthus_impetiginosus	ATHILA	13
Boehmeria_nivea	CRM	13
Pterocarya_stenoptera	DEL/TEKAY	13
Platycodon_grandiflorus	ATHILA	13
Lindernia_brevidens	ATHILA	13
Eucalyptus_pauciflora	GALADRIEL	13
Striga_asiatica	ORYCO/IVANA	13
Zostera_marina	TORK/TAR	13
Musa_acuminata	GALADRIEL	13
Tarenaya_hassleriana	CRM	13
Panicum_virgatum	ORYCO/IVANA	13
Beta_vulgaris	ANGELA	13
Cajanus_cajan	BIANCA	13
Lycopersicon_esculentum	REINA	13
Saccharum_hybrid_cultivar_R570	TAT	12
Gossypium_raimondii	ATHILA	12
Arachis_ipaensis	ORYCO/IVANA	12
Arabis_alpina	TAT	12
Arabis_alpina	ATHILA	12
Punica_granatum	CRM	12
Fagopyrum_tataricum	BIANCA	12
Pterocarya_stenoptera	ORYCO/IVANA	12
Pterocarya_stenoptera	ATHILA	12
Camellia_sinensis_var_sinensis	REINA	12
Camellia_sinensis_var_sinensis	GALADRIEL	12
Rosa_lucieae	SIRE	12
Oenanthe_javanica	SIRE	12
Avicennia_marina_subsp_marina	ALE/RETROFIT	12
Musa_schizocarpa	DEL/TEKAY	12
Dorcoceras_hygrometricum	SIRE	12
Rhazya_stricta	TORK/TAR	12
Mimulus_guttatus	BIANCA	12
Hevea_brasiliensis	ORYCO/IVANA	12
Aquilegia_coerulea	TAT	12
Ananas_comosus	TAT	12
Panicum_virgatum	SIRE	12
Actinidia_deliciosa	REINA	12
Erigeron_canadensis	ALE/RETROFIT	12
Solanum_melongena	TORK/TAR	12
Nicotiana_sylvestris	BIANCA	12
Picea_abies	REINA	11
Medicago_truncatula	ATHILA	11
Vitis_vinifera	ANGELA	11
Solanum_tuberosum	GALADRIEL	11
Schrenkiella_parvula	ORYCO/IVANA	11
Ricinus_communis	GALADRIEL	11
Eucalyptus_camaldulensis	TORK/TAR	11
Prunus_persica	SIRE	11
Cephalotus_follicularis	REINA	11
Xerophyta_viscosa	TORK/TAR	11
Kalanchoe_fedtschenkoi	REINA	11
Boehmeria_nivea	ATHILA	11
Pterocarya_stenoptera	CRM	11
Begonia_fuchsioides	ATHILA	11
Argania_spinosa	SIRE	11
Camellia_sinensis_var_sinensis	ATHILA	11
Oryza_meyeriana_var_granulata	BIANCA	11
Persea_americana_var_drymifolia	BIANCA	11
Hypericum_perforatum	BIANCA	11
Dorcoceras_hygrometricum	ORYCO/IVANA	11
Chenopodium_pallidicaule	REINA	11
Populus_trychocarpa	TORK/TAR	11
Manihot_esculenta	ORYCO/IVANA	11
Citrus_sinensis	ORYCO/IVANA	11
Tarenaya_hassleriana	REINA	11
Phyllostachys_edulis	TORK/TAR	11
Fraxinus_excelsior	SIRE	11
Vitis_vinifera	CRM	10
Solanum_tuberosum	BIANCA	10
Phoenix_dactylifera	TORK/TAR	10
Nelumbo_nucifera	ATHILA	10
Arabidopsis_lyrata_subsp_lyrata	REINA	10
Pyrus_communis	TORK/TAR	10
Brassica_rapa	CRM	10
Triticum_aestivum	BIANCA	10
Punica_granatum	REINA	10
Eschscholzia_californica_subsp_californica	TAT	10
Datisca_glomerata	CRM	10
Argania_spinosa	CRM	10
Casuarina_equisetifolia_subsp_incana	ATHILA	10
Eucalyptus_pauciflora	CRM	10
Vitis_labrusca	REINA	10
Hydrangea_macrophylla	SIRE	10
Pontederia_paniculata	REINA	10
Drosera_capensis	TORK/TAR	10
Eucalyptus_grandis	GALADRIEL	10
Prunus_avium	TAT	10
Ricinus_communis	REINA	10
Tarenaya_hassleriana	ANGELA	10
Aethionema_arabicum	ORYCO/IVANA	10
Leavenworthia_alabamica	ORYCO/IVANA	10
Musa_acuminata	TAT	10
Capsicum_annuum	SIRE	10
Fraxinus_excelsior	CRM	10
Cajanus_cajan	ATHILA	10
Cajanus_cajan	SIRE	10
Vitis_vinifera	DEL/TEKAY	9
Hordeum_vulgare	BIANCA	9
Prunus_persica	DEL/TEKAY	9
Phoenix_dactylifera	ALE/RETROFIT	9
Theobroma_cacao	GALADRIEL	9
Gossypium_raimondii	CRM	9
Theobroma_cacao	BIANCA	9
Nelumbo_nucifera	ANGELA	9
Morus_notabilis	TAT	9
Oryza_sativa	BIANCA	9
Arabis_alpina	REINA	9
Phalaenopsis_hybrid_cultivar	ATHILA	9
Macleaya_cordata	REINA	9
Platycodon_grandiflorus	SIRE	9
Persea_americana_var_drymifolia	ORYCO/IVANA	9
Striga_asiatica	SIRE	9
Vitis_labrusca	BIANCA	9
Aquilaria_sinensis	REINA	9
Aquilaria_sinensis	CRM	9
Solanum_clarkiae	GALADRIEL	9
Hydrangea_macrophylla	IKEROS	9
Simmondsia_chinensis	ALE/RETROFIT	9
Musa_schizocarpa	CRM	9
Nymphaea_colorata	ORYCO/IVANA	9
Nymphaea_colorata	GALADRIEL	9
Zostera_marina	CRM	9
Rhazya_stricta	ALE/RETROFIT	9
Citrus_clementina	ORYCO/IVANA	9
Populus_trychocarpa	ATHILA	9
Manihot_esculenta	REINA	9
Manihot_esculenta	TAT	9
Sisymbrium_irio	ORYCO/IVANA	9
Sisymbrium_irio	TORK/TAR	9
Phoenix_dactylifera	REINA	9
Elaeis_oleifera	CRM	9
Actinidia_deliciosa	SIRE	9
Solanum_melongena	SIRE	9
Arabidopsis_thaliana	ANGELA	8
Physcomitrella_patens	GALADRIEL	8
Solanum_tuberosum	TAT	8
Nelumbo_nucifera	CRM	8
Theobroma_cacao	ATHILA	8
Theobroma_cacao	ANGELA	8
Cephalotus_follicularis	CRM	8
Cephalotus_follicularis	GALADRIEL	8
Durio_zibethinus	ORYCO/IVANA	8
Durio_zibethinus	TORK/TAR	8
Selaginella_tamariscina	GALADRIEL	8
Datisca_glomerata	TAT	8
Lindernia_brevidens	ANGELA	8
Lindernia_brevidens	REINA	8
Striga_asiatica	CRM	8
Oenanthe_javanica	DEL/TEKAY	8
Toxicodendron_radicans	TORK/TAR	8
Vitis_labrusca	SIRE	8
Solanum_clarkiae	ORYCO/IVANA	8
Rhizophora_apiculata	ORYCO/IVANA	8
Carthamus_tinctorius	REINA	8
Chenopodium_pallidicaule	CRM	8
Sesamum_indicum	TAT	8
Hevea_brasiliensis	SIRE	8
Citrus_clementina	CRM	8
Aethionema_arabicum	ALE/RETROFIT	8
Elaeis_oleifera	REINA	8
Ananas_comosus	ALE/RETROFIT	8
Spirodela_polyrhiza	ALE/RETROFIT	8
Amborella_trichopoda	REINA	8
Solanum_melongena	GALADRIEL	8
Phoenix_dactylifera	ORYCO/IVANA	7
Saccharum_hybrid_cultivar_R570	ORYCO/IVANA	7
Fragaria_vesca	DEL/TEKAY	7
Fragaria_vesca	SIRE	7
Prunus_persica	REINA	7
Jatropha_curcas	TORK/TAR	7
Cicer_arietinum	ATHILA	7
Setaria_italica	SIRE	7
Pyrus_communis	ORYCO/IVANA	7
Xerophyta_viscosa	ANGELA	7
Macleaya_cordata	ATHILA	7
Macleaya_cordata	ANGELA	7
Eschscholzia_californica_subsp_californica	ATHILA	7
Eschscholzia_californica_subsp_californica	REINA	7
Eschscholzia_californica_subsp_californica	ANGELA	7
Fagopyrum_tataricum	GALADRIEL	7
Trichopus_zeylanicus_subsp_travancoricus	CRM	7
Persea_americana_var_drymifolia	TAT	7
Benincasa_hispida	GALADRIEL	7
Chenopodium_pallidicaule	SIRE	7
Drosera_capensis	GALADRIEL	7
Citrullus_lanatus	GALADRIEL	7
Manihot_esculenta	ATHILA	7
Citrus_clementina	DEL/TEKAY	7
Aethionema_arabicum	REINA	7
Eutrema_salsugineum	DEL/TEKAY	7
Sisymbrium_irio	CRM	7
Sisymbrium_irio	REINA	7
Sisymbrium_irio	SIRE	7
Spirodela_polyrhiza	ATHILA	7
Erigeron_canadensis	REINA	7
Utricularia_gibba	ORYCO/IVANA	7
Fraxinus_excelsior	ATHILA	7
Populus_trichocarpa	TORK/TAR	6
Selaginella_moellendorffii	TAT	6
Saccharum_hybrid_cultivar_R570	DEL/TEKAY	6
Saccharum_hybrid_cultivar_R570	ALE/RETROFIT	6
Schrenkiella_parvula	CRM	6
Pyrus_x_bretschneideri	TORK/TAR	6
Amborella_trichopoda	ORYCO/IVANA	6
Jatropha_curcas	ORYCO/IVANA	6
Linum_usitatissimum	SIRE	6
Morus_notabilis	DEL/TEKAY	6
Prunus_persica	CRM	6
Brassica_rapa	SIRE	6
Artocarpus_camansi	ALE/RETROFIT	6
Xerophyta_viscosa	ATHILA	6
Phalaenopsis_hybrid_cultivar	ORYCO/IVANA	6
Handroanthus_impetiginosus	SIRE	6
Punica_granatum	TAT	6
Eschscholzia_californica_subsp_californica	GALADRIEL	6
Fagopyrum_tataricum	SIRE	6
Boehmeria_nivea	GALADRIEL	6
Boehmeria_nivea	SIRE	6
Fagus_sylvatica	ATHILA	6
Casuarina_equisetifolia_subsp_incana	CRM	6
Camellia_sinensis_var_sinensis	CRM	6
Lindernia_brevidens	TAT	6
Oryza_meyeriana_var_granulata	ANGELA	6
Rosa_lucieae	CRM	6
Persea_americana_var_drymifolia	REINA	6
Toxicodendron_radicans	TAT	6
Ulmus_americana	ALE/RETROFIT	6
Aquilaria_sinensis	SIRE	6
Solanum_clarkiae	REINA	6
Sonneratia_caseolaris	REINA	6
Corrigiola_litoralis	REINA	6
Nymphaea_colorata	TAT	6
Fraxinus_sp_1973_6204	TAT	6
Dorcoceras_hygrometricum	GALADRIEL	6
Pontederia_paniculata	ORYCO/IVANA	6
Cannabis_Sativa	GALADRIEL	6
Citrus_sinensis	GALADRIEL	6
Citrus_clementina	ANGELA	6
Nicotiana_sylvestris	GALADRIEL	6
Citrullus_lanatus	TORK/TAR	6
Manihot_esculenta	TORK/TAR	6
Citrus_clementina	GALADRIEL	6
Tarenaya_hassleriana	GALADRIEL	6
Tarenaya_hassleriana	SIRE	6
Musa_acuminata	CRM	6
Ananas_comosus	TORK/TAR	6
Phalaenopsis_equestris	TAT	6
Spirodela_polyrhiza	REINA	6
Solanum_melongena	ATHILA	6
Solanum_lycopersicum	CRM	6
Capsicum_annuum	BIANCA	6
Mimulus_guttatus	ORYCO/IVANA	6
Utricularia_gibba	TAT	6
Medicago_truncatula	CRM	6
Phaseolus_vulgaris	DEL/TEKAY	6
Oryza_sativa	ATHILA	5
Carica_papaya	CRM	5
Phoenix_dactylifera	CRM	5
Saccharum_hybrid_cultivar_R570	SIRE	5
Schrenkiella_parvula	ATHILA	5
Amborella_trichopoda	CRM	5
Lactuca_sativa	ALE/RETROFIT	5
Eucalyptus_camaldulensis	ORYCO/IVANA	5
Oryza_sativa	ANGELA	5
Pyrus_communis	BIANCA	5
Xerophyta_viscosa	ORYCO/IVANA	5
Phalaenopsis_hybrid_cultivar	GALADRIEL	5
Macleaya_cordata	SIRE	5
Durio_zibethinus	SIRE	5
Kalanchoe_fedtschenkoi	TORK/TAR	5
Handroanthus_impetiginosus	BIANCA	5
Eschscholzia_californica_subsp_californica	CRM	5
Eschscholzia_californica_subsp_californica	DEL/TEKAY	5
Fagopyrum_tataricum	REINA	5
Selaginella_tamariscina	ORYCO/IVANA	5
Platycodon_grandiflorus	ANGELA	5
Lindernia_brevidens	GALADRIEL	5
Solanum_clarkiae	SIRE	5
Dioscorea_zingiberensis	GALADRIEL	5
Macarthuria_australis	REINA	5
Cucumis_sativus	ALE/RETROFIT	5
Linum_usitatissimum	ATHILA	5
Citrus_sinensis	CRM	5
Carica_papaya	REINA	5
Tarenaya_hassleriana	BIANCA	5
Leavenworthia_alabamica	TORK/TAR	5
Musa_acuminata	ANGELA	5
Phalaenopsis_equestris	ATHILA	5
Spirodela_polyrhiza	GALADRIEL	5
Spirodela_polyrhiza	TORK/TAR	5
Actinidia_deliciosa	GALADRIEL	5
Utricularia_gibba	TORK/TAR	5
Lotus_japonicus	ATHILA	5
Oryza_sativa_Japonica_Group	ORYCO/IVANA	4
Oryza_sativa_Japonica_Group	ALE/RETROFIT	4
Oryza_sativa_Japonica_Group	REINA	4
Populus_trichocarpa	CRM	4
Populus_trichocarpa	ATHILA	4
Triticum_monococcum	ANGELA	4
Sorghum_bicolor	ANGELA	4
Brassica_rapa	TAT	4
Carica_papaya	TORK/TAR	4
Solanum_tuberosum	CRM	4
Saccharum_hybrid_cultivar_R570	REINA	4
Fragaria_vesca	ATHILA	4
Jatropha_curcas	ATHILA	4
Arachis_ipaensis	CRM	4
Arachis_ipaensis	GALADRIEL	4
Lactuca_sativa	ORYCO/IVANA	4
Arabidopsis_lyrata_subsp_lyrata	SIRE	4
Morus_notabilis	ATHILA	4
Pyrus_communis	ALE/RETROFIT	4
Asclepias_syriaca	GALADRIEL	4
Macleaya_cordata	ORYCO/IVANA	4
Punica_granatum	ORYCO/IVANA	4
Selaginella_tamariscina	TAT	4
Datisca_glomerata	REINA	4
Datisca_glomerata	ATHILA	4
Fagus_sylvatica	BIANCA	4
Fagus_sylvatica	ORYCO/IVANA	4
Platycodon_grandiflorus	REINA	4
Trichopus_zeylanicus_subsp_travancoricus	DEL/TEKAY	4
Trichopus_zeylanicus_subsp_travancoricus	ALE/RETROFIT	4
Rosa_lucieae	GALADRIEL	4
Eucalyptus_pauciflora	ANGELA	4
Persea_americana_var_drymifolia	DEL/TEKAY	4
Persea_americana_var_drymifolia	ANGELA	4
Oenanthe_javanica	GALADRIEL	4
Toxicodendron_radicans	ORYCO/IVANA	4
Vitis_labrusca	CRM	4
Hypericum_perforatum	TAT	4
Avicennia_marina_subsp_marina	CRM	4
Sonneratia_caseolaris	ALE/RETROFIT	4
Fraxinus_sp_1973_6204	TORK/TAR	4
Humulus_lupulus_var_lupulus	SIRE	4
Humulus_lupulus_var_lupulus	GALADRIEL	4
Mentha_longifolia	ALE/RETROFIT	4
Chenopodium_pallidicaule	ANGELA	4
Sesamum_indicum	REINA	4
Prunus_avium	BIANCA	4
Citrullus_lanatus	ORYCO/IVANA	4
Manihot_esculenta	GALADRIEL	4
Tarenaya_hassleriana	ATHILA	4
Leavenworthia_alabamica	ALE/RETROFIT	4
Aquilegia_coerulea	TORK/TAR	4
Elaeis_oleifera	SIRE	4
Musa_acuminata	ORYCO/IVANA	4
Panicum_virgatum	ANGELA	4
Spirodela_polyrhiza	CRM	4
Physcomitrella_patens	TAT	4
Solanum_melongena	ORYCO/IVANA	4
Solanum_melongena	REINA	4
Solanum_lycopersicum	IKEROS	4
Nicotiana_sylvestris	ORYCO/IVANA	4
Mimulus_guttatus	GALADRIEL	4
Fraxinus_excelsior	DEL/TEKAY	4
Medicago_truncatula	BIANCA	4
Cicer_arietinum	DEL/TEKAY	4
Gossypioides_kirkii	TAT	4
Lycopersicon_esculentum	CRM	4
Lycopersicon_esculentum	ANGELA	4
Populus_trichocarpa	TAT	3
Populus_trichocarpa	DEL/TEKAY	3
Hordeum_vulgare	CRM	3
Malus_domestica	ANGELA	3
Glycine_max	ANGELA	3
Saccharum_hybrid_cultivar_R570	TORK/TAR	3
Pyrus_x_bretschneideri	ATHILA	3
Jatropha_curcas	CRM	3
Jatropha_curcas	REINA	3
Jatropha_curcas	DEL/TEKAY	3
Arabidopsis_lyrata_subsp_lyrata	DEL/TEKAY	3
Prunus_persica	GALADRIEL	3
Morus_notabilis	SIRE	3
Morus_notabilis	ANGELA	3
Jatropha_curcas	SIRE	3
Morus_notabilis	ORYCO/IVANA	3
Arabis_alpina	CRM	3
Capsella_rubella	BIANCA	3
Capsella_rubella	TAT	3
Asclepias_syriaca	TAT	3
Artocarpus_camansi	TORK/TAR	3
Artocarpus_camansi	REINA	3
Xerophyta_viscosa	DEL/TEKAY	3
Phalaenopsis_hybrid_cultivar	TAT	3
Durio_zibethinus	DEL/TEKAY	3
Pereskia_humboldtii	ALE/RETROFIT	3
Viola_pubescens_var_scabriuscula	TAT	3
Santalum_album	ALE/RETROFIT	3
Fagopyrum_tataricum	ANGELA	3
Boehmeria_nivea	BIANCA	3
Camellia_sinensis_var_sinensis	ANGELA	3
Platycodon_grandiflorus	IKEROS	3
Rosa_lucieae	DEL/TEKAY	3
Oenanthe_javanica	ANGELA	3
Oenanthe_javanica	CRM	3
Anthoceros_angustus	DEL/TEKAY	3
Solanum_clarkiae	ATHILA	3
Benincasa_hispida	CRM	3
Benincasa_hispida	BIANCA	3
Benincasa_hispida	SIRE	3
Avicennia_marina_subsp_marina	ORYCO/IVANA	3
Rhizophora_apiculata	REINA	3
Rhizophora_apiculata	ALE/RETROFIT	3
Betula_pendula	IKEROS	3
Kewa_caespitosa	TORK/TAR	3
Kewa_caespitosa	ORYCO/IVANA	3
Musa_schizocarpa	ORYCO/IVANA	3
Nymphaea_colorata	IKEROS	3
Humulus_lupulus_var_lupulus	DEL/TEKAY	3
Humulus_lupulus_var_lupulus	ORYCO/IVANA	3
Carthamus_tinctorius	SIRE	3
Pontederia_paniculata	TORK/TAR	3
Chenopodium_pallidicaule	ORYCO/IVANA	3
Chenopodium_pallidicaule	GALADRIEL	3
Rhazya_stricta	GALADRIEL	3
Embelia_ribes	ALE/RETROFIT	3
Ipomoea_nil	IKEROS	3
Cannabis_Sativa	CRM	3
Cannabis_Sativa	IKEROS	3
Populus_trychocarpa	CRM	3
Ricinus_communis	SIRE	3
Ricinus_communis	TAT	3
Eucalyptus_grandis	ANGELA	3
Eucalyptus_grandis	CRM	3
Eutrema_salsugineum	ANGELA	3
Elaeis_oleifera	ATHILA	3
Elaeis_oleifera	GALADRIEL	3
Ananas_comosus	ORYCO/IVANA	3
Ananas_comosus	REINA	3
Panicum_virgatum	CRM	3
Phalaenopsis_equestris	ORYCO/IVANA	3
Erigeron_canadensis	ORYCO/IVANA	3
Coffea_canephora	ANGELA	3
Coffea_canephora	GALADRIEL	3
Solanum_melongena	BIANCA	3
Solanum_lycopersicum	ANGELA	3
Fraxinus_excelsior	IKEROS	3
Olea_europaea	BIANCA	3
Gossypioides_kirkii	ATHILA	3
Avena_sativa	ANGELA	2
Nicotiana_tabacum	TORK/TAR	2
Pinus_radiata	REINA	2
Triticum_monococcum	DEL/TEKAY	2
Oryza_sativa_Japonica_Group	CRM	2
Malus_domestica	CRM	2
Malus_domestica	SIRE	2
Pyrus_x_bretschneideri	REINA	2
Gossypium_raimondii	TAT	2
Gossypium_raimondii	GALADRIEL	2
Eucalyptus_camaldulensis	DEL/TEKAY	2
Eucalyptus_camaldulensis	GALADRIEL	2
Lactuca_sativa	REINA	2
Linum_usitatissimum	DEL/TEKAY	2
Eucalyptus_camaldulensis	SIRE	2
Gossypium_raimondii	TORK/TAR	2
Gossypium_raimondii	ORYCO/IVANA	2
Morus_notabilis	CRM	2
Morus_notabilis	GALADRIEL	2
Cicer_arietinum	CRM	2
Setaria_italica	ATHILA	2
Capsella_rubella	ORYCO/IVANA	2
Capsella_rubella	SIRE	2
Malus_domestica	GALADRIEL	2
Brassica_rapa	ATHILA	2
Asclepias_syriaca	ALE/RETROFIT	2
Asclepias_syriaca	ORYCO/IVANA	2
Phalaenopsis_hybrid_cultivar	CRM	2
Durio_zibethinus	REINA	2
Kalanchoe_fedtschenkoi	CRM	2
Kalanchoe_fedtschenkoi	GALADRIEL	2
Viola_pubescens_var_scabriuscula	CRM	2
Viola_pubescens_var_scabriuscula	REINA	2
Viola_pubescens_var_scabriuscula	ATHILA	2
Punica_granatum	GALADRIEL	2
Punica_granatum	ATHILA	2
Santalum_album	TORK/TAR	2
Boehmeria_nivea	ANGELA	2
Datisca_glomerata	DEL/TEKAY	2
Fagus_sylvatica	SIRE	2
Fagus_sylvatica	DEL/TEKAY	2
Casuarina_equisetifolia_subsp_incana	GALADRIEL	2
Eucalyptus_pauciflora	ATHILA	2
Persea_americana_var_drymifolia	SIRE	2
Anthoceros_angustus	ORYCO/IVANA	2
Zingiber_officinale	ALE/RETROFIT	2
Ceratopteris_richardii	ATHILA	2
Solanum_clarkiae	BIANCA	2
Boswellia_sacra	ATHILA	2
Avicennia_marina_subsp_marina	TORK/TAR	2
Sonneratia_caseolaris	TORK/TAR	2
Sonneratia_caseolaris	GALADRIEL	2
Betula_pendula	ORYCO/IVANA	2
Betula_pendula	DEL/TEKAY	2
Betula_pendula	SIRE	2
Microtea_debilis	REINA	2
Pharnaceum_exiguum	REINA	2
Nymphaea_colorata	CRM	2
Brassica_napus	GALADRIEL	2
Brassica_napus	ANGELA	2
Primula_veris	TORK/TAR	2
Humulus_lupulus_var_lupulus	CRM	2
Humulus_lupulus_var_lupulus	ATHILA	2
Carthamus_tinctorius	TORK/TAR	2
Carthamus_tinctorius	DEL/TEKAY	2
Carthamus_tinctorius	ORYCO/IVANA	2
Pontederia_paniculata	ATHILA	2
Rhazya_stricta	ORYCO/IVANA	2
Rhazya_stricta	REINA	2
Rhazya_stricta	DEL/TEKAY	2
Drosera_capensis	SIRE	2
Striga_asiatica	GALADRIEL	2
Citrus_sinensis	ANGELA	2
Cannabis_Sativa	ORYCO/IVANA	2
Malus_domestica	IKEROS	2
Citrullus_lanatus	DEL/TEKAY	2
Populus_trychocarpa	TAT	2
Linum_usitatissimum	REINA	2
Citrus_clementina	BIANCA	2
Aethionema_arabicum	BIANCA	2
Aethionema_arabicum	SIRE	2
Brassica_rapa	IKEROS	2
Aquilegia_coerulea	ORYCO/IVANA	2
Aquilegia_coerulea	SIRE	2
Musa_acuminata	DEL/TEKAY	2
Musa_acuminata	ALE/RETROFIT	2
Ananas_comosus	GALADRIEL	2
Panicum_virgatum	BIANCA	2
Eragrostis_tef	BIANCA	2
Eragrostis_tef	ORYCO/IVANA	2
Phalaenopsis_equestris	CRM	2
Phalaenopsis_equestris	GALADRIEL	2
Phalaenopsis_equestris	REINA	2
Physcomitrella_patens	TORK/TAR	2
Erigeron_canadensis	TAT	2
Solanum_melongena	CRM	2
Solanum_melongena	TAT	2
Solanum_tuberosum	ANGELA	2
Capsicum_annuum	IKEROS	2
Olea_europaea	GALADRIEL	2
Olea_europaea	IKEROS	2
Medicago_truncatula	ANGELA	2
Aegilops_speltoides	ANGELA	2
Lycopersicon_esculentum	IKEROS	2
Pennisetum_glaucum	SIRE	2
Pennisetum_glaucum	TAT	2
Oryza_longistaminata	ALE/RETROFIT	1
Oryza_australiensis	ANGELA	1
Solanum_chilense	TORK/TAR	1
Solanum_pimpinellifolium	ALE/RETROFIT	1
Solanum_pimpinellifolium	TORK/TAR	1
Pisum_sativum	DEL/TEKAY	1
Cucumis_melo	DEL/TEKAY	1
Oryza_sativa_Japonica_Group	TAT	1
Lotus_corniculatus	TAT	1
Lilium_henryi	DEL/TEKAY	1
Solanum_demissum	DEL/TEKAY	1
Oryza_sativa_Japonica_Group	TORK/TAR	1
Pinus_taeda	CRM	1
Pinus_taeda	SIRE	1
Pinus_taeda	TORK/TAR	1
Pisum_sativum	TAT	1
Lotus_corniculatus	SIRE	1
Triticum_monococcum	TAT	1
Zea_diploperennis	TAT	1
Physcomitrella_patens	BIANCA	1
Trifolium_repens	ALE/RETROFIT	1
Trifolium_repens	TAT	1
Vasconcellea_monoica	ORYCO/IVANA	1
Fragaria_vesca	CRM	1
Pyrus_x_bretschneideri	TAT	1
Pyrus_x_bretschneideri	DEL/TEKAY	1
Pyrus_x_bretschneideri	GALADRIEL	1
Jatropha_curcas	GALADRIEL	1
Gossypium_raimondii	REINA	1
Eucalyptus_camaldulensis	ATHILA	1
Jatropha_curcas	TAT	1
Eucalyptus_camaldulensis	CRM	1
Lactuca_sativa	TORK/TAR	1
Gossypium_raimondii	ANGELA	1
Eucalyptus_camaldulensis	BIANCA	1
Ricinus_communis	ANGELA	1
Eucalyptus_camaldulensis	ANGELA	1
Pinus_sylvestris	CRM	1
Setaria_italica	BIANCA	1
Schrenkiella_parvula	BIANCA	1
Arabis_alpina	SIRE	1
Capsella_rubella	ALE/RETROFIT	1
Capsella_rubella	CRM	1
Prunus_persica	ANGELA	1
Schrenkiella_parvula	GALADRIEL	1
Pyrus_communis	TAT	1
Capsella_rubella	REINA	1
Capsella_rubella	ATHILA	1
Capsella_rubella	TORK/TAR	1
Asclepias_syriaca	TORK/TAR	1
Xerophyta_viscosa	GALADRIEL	1
Xerophyta_viscosa	SIRE	1
Phalaenopsis_hybrid_cultivar	IKEROS	1
Macleaya_cordata	GALADRIEL	1
Macleaya_cordata	CRM	1
Macleaya_cordata	IKEROS	1
Durio_zibethinus	ANGELA	1
Kalanchoe_fedtschenkoi	ATHILA	1
Viola_pubescens_var_scabriuscula	TORK/TAR	1
Viola_pubescens_var_scabriuscula	ALE/RETROFIT	1
Handroanthus_impetiginosus	GALADRIEL	1
Punica_granatum	DEL/TEKAY	1
Santalum_album	BIANCA	1
Fagopyrum_tataricum	IKEROS	1
Boehmeria_nivea	ORYCO/IVANA	1
Selaginella_tamariscina	DEL/TEKAY	1
Selaginella_tamariscina	TORK/TAR	1
Marchantia_polymorpha	ATHILA	1
Marchantia_polymorpha	ORYCO/IVANA	1
Marchantia_polymorpha	BIANCA	1
Pterocarya_stenoptera	SIRE	1
Datisca_glomerata	ANGELA	1
Datisca_glomerata	SIRE	1
Argania_spinosa	ANGELA	1
Fagus_sylvatica	ANGELA	1
Platycodon_grandiflorus	GALADRIEL	1
Caryocar_brasiliense	ORYCO/IVANA	1
Trichopus_zeylanicus_subsp_travancoricus	ORYCO/IVANA	1
Rosa_lucieae	ATHILA	1
Persea_americana_var_drymifolia	ATHILA	1
Striga_asiatica	IKEROS	1
Toxicodendron_radicans	SIRE	1
Toxicodendron_radicans	CRM	1
Ulmus_americana	TAT	1
Vitis_labrusca	DEL/TEKAY	1
Ceratopteris_richardii	DEL/TEKAY	1
Ceratopteris_richardii	ALE/RETROFIT	1
Isoetes_engelmannii	ATHILA	1
Isoetes_engelmannii	TORK/TAR	1
Solanum_clarkiae	CRM	1
Solanum_clarkiae	TAT	1
Boswellia_sacra	CRM	1
Boswellia_sacra	TAT	1
Boswellia_sacra	DEL/TEKAY	1
Hydrangea_macrophylla	GALADRIEL	1
Dioscorea_zingiberensis	SIRE	1
Dioscorea_zingiberensis	ANGELA	1
Dioscorea_zingiberensis	BIANCA	1
Avicennia_marina_subsp_marina	TAT	1
Avicennia_marina_subsp_marina	GALADRIEL	1
Sonneratia_caseolaris	ORYCO/IVANA	1
Sonneratia_caseolaris	DEL/TEKAY	1
Betula_pendula	ANGELA	1
Simmondsia_chinensis	TORK/TAR	1
Microtea_debilis	CRM	1
Pharnaceum_exiguum	TAT	1
Corrigiola_litoralis	CRM	1
Corrigiola_litoralis	TORK/TAR	1
Corrigiola_litoralis	ORYCO/IVANA	1
Nymphaea_colorata	ANGELA	1
Fraxinus_sp_1973_6204	IKEROS	1
Brassica_napus	IKEROS	1
Primula_veris	TAT	1
Humulus_lupulus_var_lupulus	ANGELA	1
Dorcoceras_hygrometricum	CRM	1
Dorcoceras_hygrometricum	BIANCA	1
Carthamus_tinctorius	TAT	1
Mentha_longifolia	REINA	1
Pontederia_paniculata	GALADRIEL	1
Pontederia_paniculata	DEL/TEKAY	1
Pontederia_paniculata	CRM	1
Chenopodium_pallidicaule	BIANCA	1
Rhazya_stricta	CRM	1
Embelia_ribes	ORYCO/IVANA	1
Drosera_capensis	DEL/TEKAY	1
Lindernia_brevidens	CRM	1
Hypericum_perforatum	GALADRIEL	1
Ipomoea_nil	GALADRIEL	1
Cannabis_Sativa	BIANCA	1
Eucalyptus_grandis	ATHILA	1
Arachis_ipaensis	IKEROS	1
Prunus_avium	CRM	1
Prunus_avium	DEL/TEKAY	1
Prunus_avium	REINA	1
Citrullus_lanatus	ANGELA	1
Cucumis_sativus	TORK/TAR	1
Populus_trychocarpa	GALADRIEL	1
Manihot_esculenta	CRM	1
Hevea_brasiliensis	BIANCA	1
Hevea_brasiliensis	GALADRIEL	1
Linum_usitatissimum	TAT	1
Eucalyptus_grandis	IKEROS	1
Citrus_sinensis	BIANCA	1
Citrus_sinensis	DEL/TEKAY	1
Gossypium_hirsutum	IKEROS	1
Theobroma_cacao	CRM	1
Theobroma_cacao	REINA	1
Tarenaya_hassleriana	DEL/TEKAY	1
Aethionema_arabicum	ANGELA	1
Aethionema_arabicum	TAT	1
Leavenworthia_alabamica	CRM	1
Leavenworthia_alabamica	DEL/TEKAY	1
Leavenworthia_alabamica	SIRE	1
Schrenkiella_parvula	DEL/TEKAY	1
Sisymbrium_irio	BIANCA	1
Brassica_rapa	DEL/TEKAY	1
Nelumbo_nucifera	GALADRIEL	1
Aquilegia_coerulea	BIANCA	1
Aquilegia_coerulea	IKEROS	1
Aquilegia_coerulea	ALE/RETROFIT	1
Elaeis_oleifera	DEL/TEKAY	1
Ananas_comosus	CRM	1
Ananas_comosus	IKEROS	1
Ananas_comosus	SIRE	1
Phyllostachys_edulis	ANGELA	1
Eragrostis_tef	CRM	1
Eragrostis_tef	TAT	1
Amborella_trichopoda	ANGELA	1
Selaginella_moellendorffii	DEL/TEKAY	1
Actinidia_deliciosa	ANGELA	1
Actinidia_deliciosa	BIANCA	1
Actinidia_deliciosa	IKEROS	1
Erigeron_canadensis	BIANCA	1
Erigeron_canadensis	CRM	1
Erigeron_canadensis	DEL/TEKAY	1
Solanum_tuberosum	IKEROS	1
Nicotiana_sylvestris	IKEROS	1
Capsicum_annuum	ANGELA	1
Capsicum_annuum	GALADRIEL	1
Utricularia_gibba	ATHILA	1
Utricularia_gibba	CRM	1
Utricularia_gibba	REINA	1
Utricularia_gibba	ALE/RETROFIT	1
Fraxinus_excelsior	GALADRIEL	1
Cicer_arietinum	TAT	1
Phaseolus_vulgaris	ATHILA	1
Phaseolus_vulgaris	IKEROS	1
Gossypioides_kirkii	ORYCO/IVANA	1
Gossypioides_kirkii	DEL/TEKAY	1
Gossypioides_kirkii	ALE/RETROFIT	1
Gossypioides_kirkii	REINA	1
Gossypium_hirsutum	SIRE	1
Lotus_japonicus	ANGELA	1
Pennisetum_glaucum	ALE/RETROFIT	1
Petunia_x_hybrida	ALE/RETROFIT	1
Physcomitrella_patens	DEL/TEKAY	1
Pisum_sativum	ATHILA	1
